{
  "k": 8,
  "features": [
    "target_delta",
    "has_brokerage",
    "action_score",
    "rating_delta_score",
    "time_delta"
  ],
  "centroids": [
    [
      0.22332595118475185,
      -0.4079806743810489,
      0.9361133317031628,
      0.025521773327968813,
      -0.7398862605841973
    ],
    [
      -0.5874412768085849,
      -0.40798067438104857,
      -1.3309366416732007,
      0.025521773327968796,
      -0.6407875785644097
    ],
    [
      -0.11812977649648533,
      2.451096492541251,
      -0.06286862985882684,
      0.025521773327968865,
      1.802989871024832
    ],
    [
      -0.4847060038211104,
      0.6693527508360515,
      -0.7395323007924132,
      -4.534163779706836,
      1.1929634295295881
    ],
    [
      0.4828010881551436,
      0.4237508650872582,
      0.7918465152155759,
      4.480527490457322,
      1.034512822602267
    ],
    [
      -0.037803504864804105,
      -0.40798067438104785,
      0.1289729715321996,
      0.028342500821373785,
      0.7425039055479383
    ],
    [
      18.219108027007785,
      -0.40798067438104735,
      0.936113331703163,
      0.025521773327968844,
      -0.6287360117715998
    ],
    [
      2.5933828970132073,
      -0.34444562622721836,
      0.8983291654802235,
      0.025521773327968865,
      -0.13487595578471476
    ]
  ]
}