{
  "k": 8,
  "features": [
    "target_delta",
    "has_brokerage",
    "action_score",
    "rating_delta_score",
    "time_delta"
  ],
  "centroids": [
    [
      0.22332595118475182,
      -0.4079806743810494,
      0.9361133317031605,
      0.025521773327968907,
      -0.739886260584197
    ],
    [
      -0.5874412768085852,
      -0.40798067438104907,
      -1.330936641673198,
      0.025521773327968872,
      -0.6407875785644097
    ],
    [
      -0.11812977649648537,
      2.4510964925412484,
      -0.06286862985882681,
      0.025521773327968844,
      1.802989871024832
    ],
    [
      -0.4847060038211103,
      0.6693527508360514,
      -0.739532300792413,
      -4.534163779706836,
      1.1929634295295881
    ],
    [
      0.4828010881551435,
      0.4237508650872583,
      0.791846515215576,
      4.480527490457322,
      1.034512822602267
    ],
    [
      -0.037803504864804084,
      -0.40798067438104857,
      0.12897297153219953,
      0.028342500821373746,
      0.7425039055479384
    ],
    [
      18.219108027007785,
      -0.40798067438104735,
      0.936113331703163,
      0.025521773327968844,
      -0.6287360117715998
    ],
    [
      2.593382897013207,
      -0.3444456262272183,
      0.8983291654802233,
      0.025521773327968886,
      -0.13487595578471478
    ]
  ],
  "means": [
    4.759550561797753,
    0.14269662921348314,
    0.17415730337078653,
    -0.004400749063670412,
    30.015355805243445
  ],
  "stds": [
    28.96448691794364,
    0.34976320736262817,
    0.8822037553152637,
    0.17243116327060673,
    28.12312662366386
  ],
  "avg_target_deltas": [
    11.228072153325817,
    -12.255384615384616,
    1.3379821958456974,
    -9.279710144927536,
    18.743636363636366,
    3.664591439688716,
    532.4666666666667,
    79.87555555555556
  ]
}